col_id,text
1,Just finished my morning run. 5 miles today! #motivation #spritual
2,Can't believe how expensive groceries have gotten lately. 7 for a dozen eggs?!
3,New Taylor Swift album is absolute fire! Been listening on repeat all day. #Swiftie
4,Working from home today and my cat won't stop walking on my keyboard ajdkfjalskdjf
5,That sunset tonight was absolutely breathtaking. Nature is incredible.
6,Traffic on the highway was a nightmare this morning. 45 minutes late to work.
7,Just booked tickets to Japan for spring break! So excited! #travel #wanderlust
8,Anyone else obsessed with The Bear? Just binged the whole season in one sitting.
9,My sourdough starter finally worked! Bread is in the oven and smells amazing.
10,Climate change is real and we need to take action now. #climateaction
11,Lost my phone at the concert last night. If anyone finds an iPhone with a red case please DM me!
12,Three cups of coffee and I'm still falling asleep at my desk. Monday vibes.
13,Just adopted the sweetest rescue puppy! Meet Luna! #adoptdontshop #dogsoftwitter
14,Trying to learn Spanish on Duolingo. 60 day streak so far! ¬°Hola amigos!
15,These new noise-cancelling headphones are a game changer for open office plans.
16,Anyone have recommendations for good fantasy books? Finished Sanderson's latest.
17,Just PR'd on my deadlift! 315 pounds! #gains #fitness
18,Restaurant week in the city is my favorite time of year. So many great meals!
19,Why is airplane wifi still so terrible in 2025? Can barely load a webpage.
20,Apartment hunting in this market is soul-crushing. Everything is so expensive.
21,"Just watched the new Batman movie. Honestly, kind of overrated. #hottake"
22,Made homemade pasta for the first time! Not as hard as I thought it would be. #cooking
23,This new mechanical keyboard is so satisfying to type on. Click clack!
24,It's raining again? That's the third day this week! #aprilshowers
25,Just voted in the local election! Make your voice heard! #vote
26,My boss just approved my remote work proposal. Digital nomad life here I come!
27,That feeling when you finish a really good book and don't know what to do with yourself.
28,Avocados were on sale today. Guacamole party at my place! #avocadotoast
29,Just hit 10k subscribers on my channel! Thanks for all the support! #contentcreator
30,Does anyone else's back hurt from sitting at a desk all day or just me?
31,First day of spring and the cherry blossoms are already blooming! #spring
32,Can't believe it's been 10 years since high school. Feel old yet? #reunion
33,This AI generated art is getting scary good. Artists are concerned.
34,Who else is watching the game tonight? My team needs this win! #sports
35,Just got my tax refund! Time for some retail therapy. #shopping
36,The new update to this app is terrible. Who approved this UI? #baddesign
37,Nothing better than fresh sheets and a clean room. Adulting win! #cleaningday
38,Someone brought donuts to the office and they were gone in 5 minutes flat.
39,Local farmers market was packed today! So many great veggies in season. #eatlocal
40,Forgot my lunch at home and now I'm stuck with overpriced cafeteria food.
41,Just finished that show everyone's talking about. The ending was so disappointing!
42,My neighbor's dog has been barking for 3 hours straight. Send help.
43,The new coffee shop downtown has the best cold brew I've ever tasted.
44,Found a $20 bill in my winter coat pocket. Past me looking out for future me!
45,Anyone know how to fix a leaky faucet? YouTube tutorials not helping.
46,Starting a new job next week. Excited but nervous! #newbeginnings
47,The subway was delayed again this morning. Public transit needs serious funding.
48,Just deleted my facebook account and it feels so liberating. #digitaldetox
49,Nothing more satisfying than crossing everything off your to-do list. Productive day!
50,Dinner with friends tonight at that new Thai place. Heard great things! #foodie
51,My plants are thriving since I moved them to the south-facing window. #plantparent
52,"Just hit my 10,000 step goal and it's only noon! #activelifestyle"
53,Is it just me or do movies keep getting longer? 3 hours is too much sitting!
54,Listening to vinyl records on a rainy Saturday morning. Perfect vibe.
55,Forgot to put on sunscreen at the beach. Now I'm red as a lobster. #sunburn
56,Why do companies make it so hard to cancel subscriptions? Just spent 30 minutes on hold.
57,Nothing better than waking up naturally without an alarm clock. #weekend
58,Just baked cookies for my new neighbors. Old fashioned but effective welcome!
59,Trying to explain TikTok to my grandparents was the highlight of my day.
60,Why is it so hard to find jeans that actually fit well? #shoppingproblems
61,The hiking trail was absolutely stunning today. 8 miles and worth every step!
62,Just got tickets to my favorite band's reunion tour! Been waiting years for this!
63,My electric bill this month is outrageous. Time to unplug some things.
64,Started learning to play guitar last month. Fingers hurt but making progress!
65,Why does Instagram keep changing its algorithm? I miss chronological feeds.
66,Meal prepped for the entire week in just 2 hours. Sunday well spent! #mealprep
67,Anyone watching the meteor shower tonight? Clear skies where I am!
68,The laundromat lost one of my favorite socks. Tale as old as time.
69,Finally got my driver's license after failing the test twice! #perseverance
70,The new season of Stranger Things is blowing my mind. No spoilers please!
71,Witnessed an amazing act of kindness at the grocery store today. Faith in humanity restored.
72,My internet has been down for 6 hours. How did people survive before wifi?
73,Just found out my ex is getting married. Weird feeling but happy for them!
74,Making homemade ice cream was a success! Strawberry cheesecake flavor. #dessert
75,Pulled an all-nighter to finish this project. Running on caffeine and determination.
76,The new bike lane in my neighborhood makes commuting so much safer! #urbanplanning
77,Just tried virtual reality for the first time. Mind = blown. #VR #tech
78,Found a vintage record player at the thrift store for only $25! What a steal!
79,My phone battery dies so quickly now. Time for an upgrade I guess. #technology
80,Being an adult is just saying 'after this week things will calm down' every week forever.
81,Just witnessed the most beautiful proposal at the park. She said yes! #love
82,Trying to grow vegetables on my balcony. The tomatoes are thriving but the herbs died.
83,Three day weekend coming up and I have zero plans. Perfection. #relaxation
84,Just discovered my favorite childhood candy is being discontinued. Devastating news!
85,Mental health day from work today. Sometimes you just need to reset. #selfcare
86,This political debate is giving me a headache. Can't we all just get along?
87,My smart home setup keeps turning on the lights at random times. Ghost or glitch?
88,Started a book club with coworkers. First meeting tonight! #reading
89,Just had the most amazing ramen of my life. Worth waiting in line for an hour! #foodie
90,Thinking about going back to school for my master's degree. Big decision!
91,My houseplant collection has officially taken over my apartment. No regrets. #plantaddict
92,Just ran into my elementary school teacher at the grocery store. She remembered me!
93,The price of concert tickets these days is absolutely ridiculous. #inflation
94,My flight got delayed 5 hours. Airport bars are making a fortune off me today.
95,Just got a surprise care package from mom in the mail. Homemade cookies included!
96,The new true crime documentary on Netflix is absolutely chilling. Can't stop watching.
97,Forgot it was trash day and missed the pickup again. #facepalm
98,Just reached level 50 in my favorite game. Only took 200 hours of my life! #gaming
99,Successfully assembled IKEA furniture without a single leftover screw. Achievement unlocked!
100,My car needs $2000 in repairs. Public transit looking pretty good right now.
101,Just had my wisdom teeth removed. Ice cream for dinner is the only upside.
102,Why do weather apps always get the forecast wrong? Brought an umbrella for nothing.
103,Started a 30-day yoga challenge. My flexibility is embarrassing but improving! #yoga
104,Just found out my favorite local bookstore is closing. Support small businesses people!
105,The self-checkout at the grocery store keeps telling me to place item in bagging area. IT IS IN THE AREA!
106,Finally got around to watching The Office. Now I get all the references! #betterlatethannever
107,My roommate's snoring is reaching new decibel levels tonight. Investing in earplugs.
108,Got a random act of kindness from the person ahead of me in the drive-thru. Paying it forward!
109,Spent the whole weekend decluttering my apartment. So therapeutic! #minimalism
110,Just got a promotion at work! Hard work pays off! #careergoals
111,Finding a parking spot in the city is like winning the lottery. 30 minutes of my life gone.
112,The air quality today is terrible. Climate change is no joke. #airpollution
113,My kid just said the funniest thing. Children's logic is wonderfully bizarre.
114,Just discovered a podcast that's perfect for my commute. Makes traffic almost bearable!
115,Tried that viral TikTok recipe and it actually lived up to the hype. #cooking
116,Why do cats always choose the most inconvenient times to demand attention?
117,The gym is always packed in January but empty by February. New Year's resolutions fading.
118,Just finished my thesis! 80 pages and two years of my life. #graduation #phd
119,Found a four-leaf clover today. Hoping my luck changes! #superstition
120,My internet provider raised prices again without improving service. Highway robbery.
121,First day of summer vacation and it's pouring rain. Of course. #badluck
122,Just watched the sunset from the mountain top. Worth every step of the hike!
123,Why are movie theater snacks so overpriced? $8 for popcorn is criminal.
124,Started volunteering at the animal shelter. Best decision ever! #giveback
125,My washing machine flooded the apartment today. Happy Monday to me!
126,Just ran into my ex at the grocery store while looking my absolute worst. Classic.
127,Managed to kill a cactus. Apparently even those need water sometimes. #blackthumb
128,Had the best pizza of my life in this tiny hole-in-the-wall restaurant downtown!
129,My favorite podcast just announced they're ending. What will I listen to now?
130,The customer service rep actually solved my problem in 5 minutes. Mark the calendar!
131,Why do I always remember I need something from the store right after I get home from the store?
132,Just finished a 1000 piece puzzle. Only took me three weeks! #quarantinehobby
133,Accidentally liked a photo from 2015 while stalking someone's profile. Time to change my identity.
134,The construction outside my apartment starts at 7am every day. Sleep is a distant memory.
135,My parents finally figured out how to use emojis and now they're in every text. üòÇüëç‚ù§Ô∏è
136,Just got my first job offer out of college! Adult life begins now. #newgrad
137,The new season of my favorite show is a major disappointment. What happened to the writing?
138,Lost my umbrella on the subway and of course it's pouring rain now. #murphy'slaw
139,My video went viral overnight! 100k views and counting! #trending
140,Does anyone actually know how to fold a fitted sheet or is it just an urban legend?
141,"Tried the new vegan restaurant in town. Even as a meat eater, I was impressed! #plantbased"
142,Why does my dog decide 3am is the perfect time to start barking at nothing?
143,Just discovered my favorite childhood book series is getting a TV adaptation! #nostalgia
144,Forgot to charge my electric car and now I'm stranded at the grocery store. Modern problems.
145,My dad just sent me a meme that's actually funny. Growth is possible!
146,The automatic faucets in public bathrooms never seem to detect my hands. Am I a ghost?
147,Just witnessed someone return their shopping cart to the corral. The bar is so low.
148,Finished my first marathon today! My legs hate me but my heart is full. #running
149,Anyone else stress clean their entire apartment before guests come over?
150,The barista spelled my name right for the first time ever. It's a miracle!
151,Just realized I've been using a word wrong my entire life. Embarrassing revelation.
152,My succulent garden is thriving on my windowsill. Proud plant parent moment! #succulents
153,Trying to explain Bitcoin to my grandmother was the challenge of my week.
154,The neighbor's kid has been playing the recorder for two hours. Give me strength.
155,Just got back from a digital detox weekend. Highly recommend! #unplugged
156,Why does the fire alarm always decide to need a new battery at 2am?
157,Found a hidden gem of a hiking trail today. Not another soul in sight! #nature
158,My new smart fridge keeps judging my food choices. Technology has gone too far.
159,Just received the worst haircut of my life. Hats will be my fashion statement for a month.
160,The airline lost my luggage on an international trip. Living in the same clothes for 3 days now.
161,My fantasy football team is in last place. So much for being a sports expert!
162,Just made the perfect cup of coffee at home. Barista skills improving! #caffeine
163,Spent way too much money at the farmers market today but these heirloom tomatoes are worth it.
164,The algorithm keeps recommending the same three songs on repeat. I contain multitudes!
165,Just found out my childhood home is being sold. Feeling surprisingly emotional about it.
166,My attempt at homemade sushi was... humbling. Respect to the professionals! #cooking
167,The person next to me on the plane talked the entire 6-hour flight. Noise cancelling headphones failed me.
168,Just reached inbox zero for the first time in years. Satisfying beyond words! #productivity
169,Why do cats always sit on the exact book/paper/laptop you're trying to use?
170,The new hire at work is bringing in homemade cookies every week. Setting a dangerous precedent!
171,My smartphone battery still going strong at 30% after a full day. Miracles do happen!
172,Just found out I'm going to be an aunt! So excited to spoil this baby! #family
173,"The autocorrect on my phone is getting worse, not better. Ducking technology."
174,Finished setting up my home office after procrastinating for months. Game changer! #wfh
175,"Why do they make hospital patients wear those gowns that don't close in the back? Dignity, please."
176,Just discovered my new apartment has amazing water pressure. It's the little things! #moving
177,The dating app scene in this city is bleak. Might need to get a cute dog just to meet people.
178,My houseplant died despite following care instructions perfectly. Some of us aren't meant to nurture life.
179,The new neighbors have a drum set. I have noise-cancelling headphones. Battle commences.
180,Just beat my personal best time for the 5k! Training is paying off! #running
181,Accidentally sent a screenshot of a conversation TO the person I was talking about. Time to move countries.
182,Making pancakes for dinner because I'm an adult and no one can stop me. #breakfastfordinner
183,The free trial ended and I forgot to cancel. Tale as old as time. #autopay
184,Just realized I've been mispronouncing my coworker's name for two years. The shame is real.
185,My cat knocked a glass of water onto my laptop. Current mood: despair. #catsoftwitter
186,The automatic soap dispenser in the public bathroom splashed soap directly into my eye today. It's war.
187,Found money in an old coat pocket. Past me looking out for future me! #windfall
188,Just had a long overdue heart-to-heart with an old friend. Some connections never fade. #friendship
189,The amount of plastic packaging on everything is depressing. We need to do better. #sustainability
190,My GPS took me to the wrong address and I was 30 minutes late. Technology betrayal.
191,Just learned my grandma's secret recipe for her famous cookies. Family traditions continue! #baking
192,The printer at work finally worked on the first try. Marking this day in my calendar.
193,My dog got so excited to see me after work that he peed on the floor. Love is messy sometimes.
194,Just reached the final episode of my comfort show for the 5th time. What do I rewatch next?
195,The new park in our neighborhood has transformed the community. Public spaces matter! #urbanplanning
196,Went to the dentist for the first time in years. No cavities! It's a miracle! #adulting
197,Why do recipes always say 'quick and easy' when they have 20 ingredients and take 2 hours?
198,Just had my first Thanksgiving in my own place. Turkey was dry but memories were made! #holidays
199,My upstairs neighbor apparently practices river dancing at midnight. Every. Single. Night.
200,Found out my old high school crush had a crush on me too. Only 15 years too late!
301,The community around music is so inspiring. #motivation
302,"Can't stop thinking about shopping, it really made my day. #happiness"
303,"Can't stop thinking about travel, it really made my day. #happiness"
304,The community around fitness is so inspiring. #motivation
305,"Spent the afternoon on work, totally worth it. #weekendvibes"
306,"Can't stop thinking about nature, it really made my day. #happiness"
307,Weekend plans: all about nature and good company. #relax
308,Weekend plans: all about weather and good company. #relax
309,"Can't stop thinking about fitness, it really made my day. #happiness"
310,"Checked out a new spot related to family, highly recommend it! #explore"
311,"Spent the afternoon on family, totally worth it. #weekendvibes"
312,"Unexpectedly enjoyed coffee today, didn't think I would. #newthings"
313,"Spent the afternoon on events, totally worth it. #weekendvibes"
314,"Started reading more about weather, fascinating stuff. #knowledge"
315,"Discovered something new about events today, so exciting! #dailyupdate"
316,"Unexpectedly enjoyed city today, didn't think I would. #newthings"
317,"Just got back from music, it was an experience to remember. #musiclife"
318,"Started reading more about technology, fascinating stuff. #knowledge"
319,"Checked out a new spot related to family, highly recommend it! #explore"
320,"Spent the afternoon on concerts, totally worth it. #weekendvibes"
321,"Started reading more about concerts, fascinating stuff. #knowledge"
322,Weekend plans: all about weather and good company. #relax
323,The community around food is so inspiring. #motivation
324,"Checked out a new spot related to books, highly recommend it! #explore"
325,Working on improving my city skills daily. #progress
326,"Checked out a new spot related to food, highly recommend it! #explore"
327,"Spent the afternoon on family, totally worth it. #weekendvibes"
328,Weekend plans: all about technology and good company. #relax
329,"Unexpectedly enjoyed learning today, didn't think I would. #newthings"
330,"Started reading more about concerts, fascinating stuff. #knowledge"
331,"Spent the afternoon on travel, totally worth it. #weekendvibes"
332,"Checked out a new spot related to nature, highly recommend it! #explore"
333,"Started reading more about family, fascinating stuff. #knowledge"
334,Weekend plans: all about food and good company. #relax
335,"Can't stop thinking about food, it really made my day. #happiness"
336,"Discovered something new about work today, so exciting! #dailyupdate"
337,"Checked out a new spot related to shopping, highly recommend it! #explore"
338,The community around music is so inspiring. #motivation
339,"Can't stop thinking about shopping, it really made my day. #happiness"
340,Working on improving my learning skills daily. #progress
341,"Just got back from events, it was an experience to remember. #eventslife"
342,"Started reading more about coffee, fascinating stuff. #knowledge"
343,"Discovered something new about nature today, so exciting! #dailyupdate"
344,The community around music is so inspiring. #motivation
345,"Just got back from pets, it was an experience to remember. #petslife"
346,"Checked out a new spot related to food, highly recommend it! #explore"
347,"Checked out a new spot related to weather, highly recommend it! #explore"
348,"Checked out a new spot related to friends, highly recommend it! #explore"
349,Weekend plans: all about music and good company. #relax
350,"Discovered something new about family today, so exciting! #dailyupdate"
351,"Unexpectedly enjoyed food today, didn't think I would. #newthings"
352,"Spent the afternoon on fitness, totally worth it. #weekendvibes"
353,"Can't stop thinking about learning, it really made my day. #happiness"
354,"Checked out a new spot related to pets, highly recommend it! #explore"
355,"Unexpectedly enjoyed concerts today, didn't think I would. #newthings"
356,"Discovered something new about movies today, so exciting! #dailyupdate"
357,Weekend plans: all about shopping and good company. #relax
358,"Spent the afternoon on weather, totally worth it. #weekendvibes"
359,"Can't stop thinking about shopping, it really made my day. #happiness"
360,"Unexpectedly enjoyed shopping today, didn't think I would. #newthings"
361,The community around work is so inspiring. #motivation
362,The community around music is so inspiring. #motivation
363,Working on improving my shopping skills daily. #progress
364,"Unexpectedly enjoyed concerts today, didn't think I would. #newthings"
365,"Spent the afternoon on technology, totally worth it. #weekendvibes"
366,The community around learning is so inspiring. #motivation
367,"Discovered something new about sports today, so exciting! #dailyupdate"
368,"Checked out a new spot related to family, highly recommend it! #explore"
369,"Checked out a new spot related to work, highly recommend it! #explore"
370,"Unexpectedly enjoyed sports today, didn't think I would. #newthings"
371,"Spent the afternoon on sports, totally worth it. #weekendvibes"
372,Working on improving my concerts skills daily. #progress
373,"Checked out a new spot related to fitness, highly recommend it! #explore"
374,Weekend plans: all about books and good company. #relax
375,"Checked out a new spot related to weather, highly recommend it! #explore"
376,"Just got back from coffee, it was an experience to remember. #coffeelife"
377,"Just got back from movies, it was an experience to remember. #movieslife"
378,"Unexpectedly enjoyed music today, didn't think I would. #newthings"
379,"Checked out a new spot related to food, highly recommend it! #explore"
380,"Just got back from food, it was an experience to remember. #foodlife"
381,Weekend plans: all about technology and good company. #relax
382,"Discovered something new about learning today, so exciting! #dailyupdate"
383,"Just got back from city, it was an experience to remember. #citylife"
384,"Discovered something new about books today, so exciting! #dailyupdate"
385,Weekend plans: all about food and good company. #relax
386,"Just got back from events, it was an experience to remember. #eventslife"
387,Weekend plans: all about nature and good company. #relax
388,Working on improving my movies skills daily. #progress
389,"Can't stop thinking about shopping, it really made my day. #happiness"
390,"Can't stop thinking about food, it really made my day. #happiness"
391,"Checked out a new spot related to shopping, highly recommend it! #explore"
392,"Can't stop thinking about music, it really made my day. #happiness"
393,"Spent the afternoon on learning, totally worth it. #weekendvibes"
394,Weekend plans: all about events and good company. #relax
395,Working on improving my technology skills daily. #progress
396,The community around food is so inspiring. #motivation
397,"Started reading more about shopping, fascinating stuff. #knowledge"
398,"Checked out a new spot related to coffee, highly recommend it! #explore"
399,Weekend plans: all about travel and good company. #relax
400,Working on improving my pets skills daily. #progress
401,My coffee maker broke this morning. National emergency has been declared. Send help and caffeine! #mondaymood
